USE bus_station

---------- Insert Bus Station ----------
INSERT INTO BUS_STATION(CITY, ADDRESS)
	VALUES ('Бургас', 'Стефан Стамболов 5');

INSERT INTO BUS_STATION(CITY, ADDRESS)
	VALUES ('Велико Търново', 'Чавдарче 10');

INSERT INTO BUS_STATION(CITY, ADDRESS)
	VALUES ('Габрово', 'Славейков 3');

INSERT INTO BUS_STATION(CITY, ADDRESS)
	VALUES ('Добрич', 'Баба Тонка 12 ');

INSERT INTO BUS_STATION(CITY, ADDRESS)
	VALUES ('Омуртаг', 'Марица 54');

INSERT INTO BUS_STATION(CITY, ADDRESS)
	VALUES ('Плевен', 'Мара Денчева 6');

INSERT INTO BUS_STATION(CITY, ADDRESS)
	VALUES ('Пловдив', 'Иван Вазов 20');

INSERT INTO BUS_STATION(CITY, ADDRESS)
	VALUES ('Русе', 'Висока 15');

INSERT INTO BUS_STATION(CITY, ADDRESS)
	VALUES ('Силистра', 'Асен Златаров 4');

INSERT INTO BUS_STATION(CITY, ADDRESS)
	VALUES ('Шумен', 'Плиска 9');

INSERT INTO BUS_STATION(CITY, ADDRESS)
	VALUES ('София', 'Плиска 25');

---------- Insert Cashiers ----------
INSERT INTO CASHIERS(WORK_NUMBER, PHONE, NAME)
	VALUES ('001', '0877564215', 'Иван Аврамов');

INSERT INTO CASHIERS(WORK_NUMBER, PHONE, NAME)
	VALUES ('002', '0856156561', 'Константин Стоянов');

INSERT INTO CASHIERS(WORK_NUMBER, PHONE, NAME)
	VALUES ('003', '0862651655', 'Мария Здравкова');

INSERT INTO CASHIERS(WORK_NUMBER, PHONE, NAME)
	VALUES ('004', '0856198849', 'Виолета Овчарова');

INSERT INTO CASHIERS(WORK_NUMBER, PHONE, NAME)
	VALUES ('005', '0895584884', 'Петър Стоянов');

INSERT INTO CASHIERS(WORK_NUMBER, PHONE, NAME)
	VALUES ('006', '0842262622', 'Александър Семов');

INSERT INTO CASHIERS(WORK_NUMBER, PHONE, NAME)
	VALUES ('007', '0814215851', 'Петрунка Димова');

INSERT INTO CASHIERS(WORK_NUMBER, PHONE, NAME)
	VALUES ('008', '0825415541', 'Чавдар Петров');

INSERT INTO CASHIERS(WORK_NUMBER, PHONE, NAME)
	VALUES ('009', '0842142564', 'Теодор Данов');

INSERT INTO CASHIERS(WORK_NUMBER, PHONE, NAME)
	VALUES ('010', '0856165165', 'Калина Соянова');

INSERT INTO CASHIERS(WORK_NUMBER, PHONE, NAME)
	VALUES ('011', '0856161234', 'Георги Георгиев');

INSERT INTO CASHIERS(WORK_NUMBER, PHONE, NAME)
	VALUES ('012', '0896132651', 'Даниела Петкова');

INSERT INTO CASHIERS(WORK_NUMBER, PHONE, NAME)
	VALUES ('013', '0856165165', 'Калина Соянова');

---------- Insert Pay Decks ----------
INSERT INTO PAY_DESKS (CASHIER_NUMBER, STATION_LOCATION, PAY_DESK_NUMBER, AGENCY)
	VALUES ('001', 'Русе', 7, 'Юнион - Ивкони ООД');

INSERT INTO PAY_DESKS (CASHIER_NUMBER, STATION_LOCATION, PAY_DESK_NUMBER, AGENCY)
	VALUES ('002', 'Габрово', 3, 'Юнион - Ивкони ООД');

INSERT INTO PAY_DESKS (CASHIER_NUMBER, STATION_LOCATION, PAY_DESK_NUMBER, AGENCY)
	VALUES ('003', 'Шумен', 10, 'Шумен пътнически автотранспорт ООД');

INSERT INTO PAY_DESKS (CASHIER_NUMBER, STATION_LOCATION, PAY_DESK_NUMBER, AGENCY)
	VALUES ('005', 'Бургас', 1, 'Експрес Снежанка ООД');

INSERT INTO PAY_DESKS (CASHIER_NUMBER, STATION_LOCATION, PAY_DESK_NUMBER, AGENCY)
	VALUES ('006', 'Омуртаг', 6, 'Юнион - Ивкони ООД');

INSERT INTO PAY_DESKS (CASHIER_NUMBER, STATION_LOCATION, PAY_DESK_NUMBER, AGENCY)
	VALUES ('007', 'Добрич', 5, 'Олмена ООД');

INSERT INTO PAY_DESKS (CASHIER_NUMBER, STATION_LOCATION, PAY_DESK_NUMBER, AGENCY)
	VALUES ('008', 'Велико Търново', 2, 'Планета Транс ООД');

INSERT INTO PAY_DESKS (CASHIER_NUMBER, STATION_LOCATION, PAY_DESK_NUMBER, AGENCY)
	VALUES ('008', 'Добрич', 4, 'Експрес Снежанка ООД');

INSERT INTO PAY_DESKS (CASHIER_NUMBER, STATION_LOCATION, PAY_DESK_NUMBER, AGENCY)
	VALUES ('009', 'Силистра', 8, 'СКОРПИО - 05 ООД');

INSERT INTO PAY_DESKS (CASHIER_NUMBER, STATION_LOCATION, PAY_DESK_NUMBER, AGENCY)
	VALUES ('010', 'Силистра', 9, 'Олмена ООД');

INSERT INTO PAY_DESKS (CASHIER_NUMBER, STATION_LOCATION, PAY_DESK_NUMBER, AGENCY)
	VALUES ('011', 'София', 11, 'Турист Сервиз  Холдинг АД');

INSERT INTO PAY_DESKS (CASHIER_NUMBER, STATION_LOCATION, PAY_DESK_NUMBER, AGENCY)
	VALUES ('012', 'София', 12, 'Витоша Експрес ООД');

INSERT INTO PAY_DESKS (CASHIER_NUMBER, STATION_LOCATION, PAY_DESK_NUMBER, AGENCY)
	VALUES ('013', 'Пловдив', 12, 'Юнион - Ивкони ООД');

---------- Insert Buses ----------
INSERT INTO BUSES (BUS_NUMBER, DEPARTURE_LOCATION, ARRIVAL_LOCATION, SEATS, CURRENT_FREE_SEATS, DEPARTURE_DATE_AND_HOUR, ARRIVAL_DATE__AND_HOUR, AGENCY)
	VALUES ('001', 'Бургас', 'София', 20, 20, '2022-05-18 17:00:00', '2022-05-18 20:00:00', 'Експрес Снежанка ООД');

INSERT INTO BUSES (BUS_NUMBER, DEPARTURE_LOCATION, ARRIVAL_LOCATION, SEATS, CURRENT_FREE_SEATS, DEPARTURE_DATE_AND_HOUR, ARRIVAL_DATE__AND_HOUR, AGENCY)
	VALUES ('002', 'Велико Търново ', 'Русе', 50, 50, '2022-05-28 16:00:00', '2022-05-28 19:30:00', 'Планета Транс ООД');

INSERT INTO BUSES (BUS_NUMBER, DEPARTURE_LOCATION, ARRIVAL_LOCATION, SEATS, CURRENT_FREE_SEATS, DEPARTURE_DATE_AND_HOUR, ARRIVAL_DATE__AND_HOUR, AGENCY)
	VALUES ('003', 'Бургас', 'София', 50, 50, '2022-05-29 15:00:00', '2022-05-30 17:30:00', 'Експрес Снежанка ООД');

INSERT INTO BUSES (BUS_NUMBER, DEPARTURE_LOCATION, ARRIVAL_LOCATION, SEATS, CURRENT_FREE_SEATS, DEPARTURE_DATE_AND_HOUR, ARRIVAL_DATE__AND_HOUR, AGENCY)
	VALUES ('004', 'Велико Търново', 'Плевен', 55, 55, '2022-05-31 18:00:00', '2022-05-31 19:30:00', 'Планета Транс ООД');

INSERT INTO BUSES (BUS_NUMBER, DEPARTURE_LOCATION, ARRIVAL_LOCATION, SEATS, CURRENT_FREE_SEATS, DEPARTURE_DATE_AND_HOUR, ARRIVAL_DATE__AND_HOUR, AGENCY)
	VALUES ('005', 'Русе', 'София', 40, 40, '2022-05-05 12:00:00', '2022-05-05 15:50:00', 'Турист Сервиз  Холдинг АД');

INSERT INTO BUSES (BUS_NUMBER, DEPARTURE_LOCATION, ARRIVAL_LOCATION, SEATS, CURRENT_FREE_SEATS, DEPARTURE_DATE_AND_HOUR, ARRIVAL_DATE__AND_HOUR, AGENCY)
	VALUES ('006', 'Силистра', 'Велико Търново', 40, 40, '2022-05-12 15:00:00','2022-05-12 17:40:00', 'Олмена ООД');

INSERT INTO BUSES (BUS_NUMBER, DEPARTURE_LOCATION, ARRIVAL_LOCATION, SEATS, CURRENT_FREE_SEATS, DEPARTURE_DATE_AND_HOUR, ARRIVAL_DATE__AND_HOUR, AGENCY)
	VALUES ('007', 'София', 'Плевен', 45, 45, '2022-05-13 17:30:00', '2022-05-13 20:00:00', 'Витоша Експрес ООД');

INSERT INTO BUSES (BUS_NUMBER, DEPARTURE_LOCATION, ARRIVAL_LOCATION, SEATS, CURRENT_FREE_SEATS, DEPARTURE_DATE_AND_HOUR, ARRIVAL_DATE__AND_HOUR, AGENCY)
	VALUES ('008', 'Омуртаг', 'София', 50, 50, '2022-05-14 17:30:00', '2022-05-14 21:30:00', 'Юнион - Ивкони ООД');

INSERT INTO BUSES (BUS_NUMBER, DEPARTURE_LOCATION, ARRIVAL_LOCATION, SEATS, CURRENT_FREE_SEATS, DEPARTURE_DATE_AND_HOUR, ARRIVAL_DATE__AND_HOUR, AGENCY)
	VALUES ('009', 'Пловдив', 'Русе', 30, 30, '2022-05-15 17:40:00', '2022-05-15 19:50:00', 'Юнион - Ивкони ООД');

INSERT INTO BUSES (BUS_NUMBER, DEPARTURE_LOCATION, ARRIVAL_LOCATION, SEATS, CURRENT_FREE_SEATS, DEPARTURE_DATE_AND_HOUR, ARRIVAL_DATE__AND_HOUR, AGENCY)
	VALUES ('010', 'София', 'Велико Търново', 20, 20, '2022-05-17 14:00:00', '2022-05-17 17:00:00', 'Турист Сервиз  Холдинг АД');

INSERT INTO BUSES (BUS_NUMBER, DEPARTURE_LOCATION, ARRIVAL_LOCATION, SEATS, CURRENT_FREE_SEATS, DEPARTURE_DATE_AND_HOUR, ARRIVAL_DATE__AND_HOUR, AGENCY)
	VALUES ('011', 'Пловдив', 'София', 50, 50, '2022-05-30 10:00:00', '2022-05-30 13:00:00', 'Юнион - Ивкони ООД');

INSERT INTO BUSES (BUS_NUMBER, DEPARTURE_LOCATION, ARRIVAL_LOCATION, SEATS, CURRENT_FREE_SEATS, DEPARTURE_DATE_AND_HOUR, ARRIVAL_DATE__AND_HOUR, AGENCY)
	VALUES ('012', 'Бургас', 'Русе', 20, 20, '2022-05-18 17:00:00', '2022-05-18 19:30:00', 'Експрес Снежанка ООД');

---------- Insert Drivers ----------
INSERT INTO DRIVERS(DRIVER_NUMBER, PHONE, NAME)
	VALUES ('001', '0854569875', 'Мартин Иванов');

INSERT INTO DRIVERS(DRIVER_NUMBER, PHONE, NAME)
	VALUES ('002', '0843645342', 'Стоян Сергиев');

INSERT INTO DRIVERS(DRIVER_NUMBER, PHONE, NAME)
	VALUES ('003', '0845201453', 'Калина Петкова');

INSERT INTO DRIVERS(DRIVER_NUMBER, PHONE, NAME)
	VALUES ('004', '0845375245', 'Тодор Михайлов');

INSERT INTO DRIVERS(DRIVER_NUMBER, PHONE, NAME)
	VALUES ('005', '0875324753', 'Анастасия Патова');

INSERT INTO DRIVERS(DRIVER_NUMBER, PHONE, NAME)
	VALUES ('006', '0875342754', 'Мария Стамболова');

INSERT INTO DRIVERS(DRIVER_NUMBER, PHONE, NAME)
	VALUES ('007', '0853234375', 'Огнян Здравков');

INSERT INTO DRIVERS(DRIVER_NUMBER, PHONE, NAME)
	VALUES ('008', '0845375275', 'Александър Фотото');

INSERT INTO DRIVERS(DRIVER_NUMBER, PHONE, NAME)
	VALUES ('009', '0847511538', 'Симеон Царски ');

INSERT INTO DRIVERS(DRIVER_NUMBER, PHONE, NAME)
	VALUES ('010', '0875274125', 'Иван Коларов');

---------- Insert Drive ----------
INSERT INTO DRIVE(DRIVER_NUMBER, BUS_NUMBER)
	VALUES ('002', '002');

INSERT INTO DRIVE(DRIVER_NUMBER, BUS_NUMBER)
	VALUES ('003', '003');

INSERT INTO DRIVE(DRIVER_NUMBER, BUS_NUMBER)
	VALUES ('004', '004');

INSERT INTO DRIVE(DRIVER_NUMBER, BUS_NUMBER)
	VALUES ('004', '005');

INSERT INTO DRIVE(DRIVER_NUMBER, BUS_NUMBER)
	VALUES ('005', '006');

INSERT INTO DRIVE(DRIVER_NUMBER, BUS_NUMBER)
	VALUES ('006', '007');

INSERT INTO DRIVE(DRIVER_NUMBER, BUS_NUMBER)
	VALUES ('007', '008');

INSERT INTO DRIVE(DRIVER_NUMBER, BUS_NUMBER)
	VALUES ('007', '009');

INSERT INTO DRIVE(DRIVER_NUMBER, BUS_NUMBER)
	VALUES ('008', '010');

INSERT INTO DRIVE(DRIVER_NUMBER, BUS_NUMBER)
	VALUES ('009', '011');

INSERT INTO DRIVE(DRIVER_NUMBER, BUS_NUMBER)
	VALUES ('010', '012');

---------- Insert Passengers ----------
INSERT INTO PASSENGERS(PHONE, NAME)
	VALUES ('0833265985', 'Атанас');

INSERT INTO PASSENGERS(PHONE, NAME)
	VALUES ('0836258944', 'Дани');

INSERT INTO PASSENGERS(PHONE, NAME)
	VALUES ('0862547882', 'Дида');

INSERT INTO PASSENGERS(PHONE, NAME)
	VALUES ('0896321478', 'Александър');

INSERT INTO PASSENGERS(PHONE, NAME)
	VALUES ('0852145633', 'Ивайло');

INSERT INTO PASSENGERS(PHONE, NAME)
	VALUES ('0852136544', 'Константин');

INSERT INTO PASSENGERS(PHONE, NAME)
	VALUES ('0879461333', 'Мая');

INSERT INTO PASSENGERS(PHONE, NAME)
	VALUES ('0877565611', 'Петър');

INSERT INTO PASSENGERS(PHONE, NAME)
	VALUES ('0855622447', 'Стоянка');

INSERT INTO PASSENGERS(PHONE, NAME)
	VALUES ('0856321445', 'Тихомир');

---------- Insert Tickets ----------
INSERT INTO TICKETS(TICKET_NUMBER, BUS_NUMBER, CASHIER_NUMBER, PASSENGER_PHONE, SEAT, DEPARTURE_LOCATION, ARRIVAL_LOCATION, DEPARTURE_DATE_AND_HOUR, SORT, TYPE, AGENCY)
	VALUES ('001', '001', '005', '0896321478', 5, 'Бургас', 'София', '2022-05-18 17:00:00', 'N', 'O', 'Експрес Снежанка ООД');

INSERT INTO TICKETS(TICKET_NUMBER, BUS_NUMBER, CASHIER_NUMBER, PASSENGER_PHONE, SEAT, DEPARTURE_LOCATION, ARRIVAL_LOCATION, DEPARTURE_DATE_AND_HOUR, SORT, TYPE, AGENCY)
	VALUES ('002', '002', '008', '0833265985', 7, 'Велико Търново', 'Русе', '2022-05-28 16:00:00', 'R', 'T', 'Планета Транс ООД');

INSERT INTO TICKETS(TICKET_NUMBER, BUS_NUMBER, CASHIER_NUMBER, PASSENGER_PHONE, SEAT, DEPARTURE_LOCATION, ARRIVAL_LOCATION, DEPARTURE_DATE_AND_HOUR, SORT, TYPE, AGENCY)
	VALUES ('003', '011', '013', '0836258944', 45, 'Пловдив', 'София', '2022-05-30 10:00:00', 'N', 'O', 'Юнион - Ивкони ООД');

INSERT INTO TICKETS(TICKET_NUMBER, BUS_NUMBER, CASHIER_NUMBER, PASSENGER_PHONE, SEAT, DEPARTURE_LOCATION, ARRIVAL_LOCATION, DEPARTURE_DATE_AND_HOUR, SORT, TYPE, AGENCY)
	VALUES ('004', '012', '005', '0862547882', 3, 'Бургас', 'Русе', '2022-05-18 17:00:00', 'N', 'T', 'Експрес Снежанка ООД');

INSERT INTO TICKETS(TICKET_NUMBER, BUS_NUMBER, CASHIER_NUMBER, PASSENGER_PHONE, SEAT, DEPARTURE_LOCATION, ARRIVAL_LOCATION, DEPARTURE_DATE_AND_HOUR, SORT, TYPE, AGENCY)
	VALUES ('005', '008', '006', '0852145633', 7, 'Омуртаг', 'София', '2022-05-14 17:30:00', 'R', 'T', 'Юнион - Ивкони ООД');

INSERT INTO TICKETS(TICKET_NUMBER, BUS_NUMBER, CASHIER_NUMBER, PASSENGER_PHONE, SEAT, DEPARTURE_LOCATION, ARRIVAL_LOCATION, DEPARTURE_DATE_AND_HOUR, SORT, TYPE, AGENCY)
	VALUES ('006', '008', '006', '0852136544', 32, 'Омуртаг', 'София', '2022-05-14 17:30:00', 'R', 'O', 'Юнион - Ивкони ООД');

INSERT INTO TICKETS(TICKET_NUMBER, BUS_NUMBER, CASHIER_NUMBER, PASSENGER_PHONE, SEAT, DEPARTURE_LOCATION, ARRIVAL_LOCATION, DEPARTURE_DATE_AND_HOUR, SORT, TYPE, AGENCY)
	VALUES ('007', '007', '012', '0879461333', 14, 'София', 'Плевен', '2022-05-13 17:30:00', 'N', 'O', 'Витоша Експрес ООД');

INSERT INTO TICKETS(TICKET_NUMBER, BUS_NUMBER, CASHIER_NUMBER, PASSENGER_PHONE, SEAT, DEPARTURE_LOCATION, ARRIVAL_LOCATION, DEPARTURE_DATE_AND_HOUR, SORT, TYPE, AGENCY)
	VALUES ('008', '001', '005', '0877565611', 12, 'Бургас', 'София', '2022-05-18 17:00:00', 'N', 'T', 'Експрес Снежанка ООД');

INSERT INTO TICKETS(TICKET_NUMBER, BUS_NUMBER, CASHIER_NUMBER, PASSENGER_PHONE, SEAT, DEPARTURE_LOCATION, ARRIVAL_LOCATION, DEPARTURE_DATE_AND_HOUR, SORT, TYPE, AGENCY)
	VALUES ('009', '011', '013', '0855622447', 16, 'Пловдив', 'София', '2022-05-30 10:00:00', 'N', 'O', 'Юнион - Ивкони ООД');

INSERT INTO TICKETS(TICKET_NUMBER, BUS_NUMBER, CASHIER_NUMBER, PASSENGER_PHONE, SEAT, DEPARTURE_LOCATION, ARRIVAL_LOCATION, DEPARTURE_DATE_AND_HOUR, SORT, TYPE, AGENCY)
	VALUES ('010', '007', '012', '0856321445', 20, 'София', 'Плевен', '2022-05-13 17:30:00', 'R', 'T', 'Витоша Експрес ООД');

---------- Insert Tickets ----------
INSERT INTO SCHEDULE (DATE, STATION_LOCATION, DEPARTURE_LIST, ARRIVAL_LIST)
	VALUES ('2022-05-11', 'Габрово', 'yes', 'no');

INSERT INTO SCHEDULE (DATE, STATION_LOCATION, DEPARTURE_LIST, ARRIVAL_LIST)
	VALUES ('2022-05-28', 'Велико Търново', 'yes', 'no');

INSERT INTO SCHEDULE (DATE, STATION_LOCATION, DEPARTURE_LIST, ARRIVAL_LIST)
	VALUES ('2022-05-13', 'Плевен', 'no', 'yes');

INSERT INTO SCHEDULE (DATE, STATION_LOCATION, DEPARTURE_LIST, ARRIVAL_LIST)
	VALUES ('2022-05-30', 'Пловдив', 'yes', 'no');

INSERT INTO SCHEDULE (DATE, STATION_LOCATION, DEPARTURE_LIST, ARRIVAL_LIST)
	VALUES ('2022-05-13', 'София', 'yes', 'no');

INSERT INTO SCHEDULE (DATE, STATION_LOCATION, DEPARTURE_LIST, ARRIVAL_LIST)
	VALUES ('2022-05-26', 'Шумен', 'no', 'yes');

INSERT INTO SCHEDULE (DATE, STATION_LOCATION, DEPARTURE_LIST, ARRIVAL_LIST)
	VALUES ('2022-05-08', 'Силистра', 'yes', 'no');